Idx,Ratio,Train,Val,Stuff,"Color_Code (R,G,B)",Color_Code(hex),Color,Name,Class_Name (ja),Color_SVG,Color_Description,Color_Emoji
1,0.1576,11664,1172,1,"(120, 120, 120)",#787878,,wall,壁,"<svg baseProfile=""full"" height=""50"" version=""1.1"" width=""50"" xmlns=""http://www.w3.org/2000/svg"" xmlns:ev=""http://www.w3.org/2001/xml-events"" xmlns:xlink=""http://www.w3.org/1999/xlink""><defs /><rect fill=""rgb(100%,100%,100%)"" height=""50"" width=""50"" x=""0"" y=""0"" /></svg>",中間グレー,⬜
2,0.1072,6046,612,1,"(180, 120, 120)",#B47878,,building,建物,"<svg baseProfile=""full"" height=""50"" version=""1.1"" width=""50"" xmlns=""http://www.w3.org/2000/svg"" xmlns:ev=""http://www.w3.org/2001/xml-events"" xmlns:xlink=""http://www.w3.org/1999/xlink""><defs /><rect fill=""rgb(100%,100%,100%)"" height=""50"" width=""50"" x=""0"" y=""0"" /></svg>",明るい赤,🟥
3,0.0878,8265,796,1,"(6, 230, 230)",#06E6E6,,sky,空,"<svg baseProfile=""full"" height=""50"" version=""1.1"" width=""50"" xmlns=""http://www.w3.org/2000/svg"" xmlns:ev=""http://www.w3.org/2001/xml-events"" xmlns:xlink=""http://www.w3.org/1999/xlink""><defs /><rect fill=""rgb(6%,100%,100%)"" height=""50"" width=""50"" x=""0"" y=""0"" /></svg>",明るいグレー,⬜
4,0.0621,9336,917,1,"(80, 50, 50)",#503232,,floor,床,"<svg baseProfile=""full"" height=""50"" version=""1.1"" width=""50"" xmlns=""http://www.w3.org/2000/svg"" xmlns:ev=""http://www.w3.org/2001/xml-events"" xmlns:xlink=""http://www.w3.org/1999/xlink""><defs /><rect fill=""rgb(80%,50%,50%)"" height=""50"" width=""50"" x=""0"" y=""0"" /></svg>",暗い赤,🟥
5,0.048,6678,641,0,"(4, 200, 3)",#04C803,,tree,木,"<svg baseProfile=""full"" height=""50"" version=""1.1"" width=""50"" xmlns=""http://www.w3.org/2000/svg"" xmlns:ev=""http://www.w3.org/2001/xml-events"" xmlns:xlink=""http://www.w3.org/1999/xlink""><defs /><rect fill=""rgb(4%,100%,3%)"" height=""50"" width=""50"" x=""0"" y=""0"" /></svg>",明るい緑,🟩
6,0.045,6604,643,1,"(120, 120, 80)",#787850,,ceiling,シーリング,"<svg baseProfile=""full"" height=""50"" version=""1.1"" width=""50"" xmlns=""http://www.w3.org/2000/svg"" xmlns:ev=""http://www.w3.org/2001/xml-events"" xmlns:xlink=""http://www.w3.org/1999/xlink""><defs /><rect fill=""rgb(100%,100%,80%)"" height=""50"" width=""50"" x=""0"" y=""0"" /></svg>",中間グレー,⬜
7,0.0398,4023,408,1,"(140, 140, 140)",#8C8C8C,,road,道,"<svg baseProfile=""full"" height=""50"" version=""1.1"" width=""50"" xmlns=""http://www.w3.org/2000/svg"" xmlns:ev=""http://www.w3.org/2001/xml-events"" xmlns:xlink=""http://www.w3.org/1999/xlink""><defs /><rect fill=""rgb(100%,100%,100%)"" height=""50"" width=""50"" x=""0"" y=""0"" /></svg>",中間グレー,⬜
8,0.0231,1906,199,0,"(204, 5, 255)",#CC05FF,,bed ,ベッド,"<svg baseProfile=""full"" height=""50"" version=""1.1"" width=""50"" xmlns=""http://www.w3.org/2000/svg"" xmlns:ev=""http://www.w3.org/2001/xml-events"" xmlns:xlink=""http://www.w3.org/1999/xlink""><defs /><rect fill=""rgb(100%,5%,100%)"" height=""50"" width=""50"" x=""0"" y=""0"" /></svg>",明るい青,🟦
9,0.0198,4688,460,0,"(230, 230, 230)",#E6E6E6,,windowpane,ウィンドウペイン,"<svg baseProfile=""full"" height=""50"" version=""1.1"" width=""50"" xmlns=""http://www.w3.org/2000/svg"" xmlns:ev=""http://www.w3.org/2001/xml-events"" xmlns:xlink=""http://www.w3.org/1999/xlink""><defs /><rect fill=""rgb(100%,100%,100%)"" height=""50"" width=""50"" x=""0"" y=""0"" /></svg>",明るいグレー,⬜
10,0.0183,2423,225,1,"(4, 250, 7)",#04FA07,,grass,草,"<svg baseProfile=""full"" height=""50"" version=""1.1"" width=""50"" xmlns=""http://www.w3.org/2000/svg"" xmlns:ev=""http://www.w3.org/2001/xml-events"" xmlns:xlink=""http://www.w3.org/1999/xlink""><defs /><rect fill=""rgb(4%,100%,7%)"" height=""50"" width=""50"" x=""0"" y=""0"" /></svg>",明るい緑,🟩
11,0.0181,2874,294,0,"(224, 5, 255)",#E005FF,,cabinet,キャビネット,"<svg baseProfile=""full"" height=""50"" version=""1.1"" width=""50"" xmlns=""http://www.w3.org/2000/svg"" xmlns:ev=""http://www.w3.org/2001/xml-events"" xmlns:xlink=""http://www.w3.org/1999/xlink""><defs /><rect fill=""rgb(100%,5%,100%)"" height=""50"" width=""50"" x=""0"" y=""0"" /></svg>",明るい青,🟦
12,0.0166,3068,310,1,"(235, 255, 7)",#EBFF07,,sidewalk,歩道,"<svg baseProfile=""full"" height=""50"" version=""1.1"" width=""50"" xmlns=""http://www.w3.org/2000/svg"" xmlns:ev=""http://www.w3.org/2001/xml-events"" xmlns:xlink=""http://www.w3.org/1999/xlink""><defs /><rect fill=""rgb(100%,100%,7%)"" height=""50"" width=""50"" x=""0"" y=""0"" /></svg>",明るい緑,🟩
13,0.016,5075,526,0,"(150, 5, 61)",#96053D,,person,人,"<svg baseProfile=""full"" height=""50"" version=""1.1"" width=""50"" xmlns=""http://www.w3.org/2000/svg"" xmlns:ev=""http://www.w3.org/2001/xml-events"" xmlns:xlink=""http://www.w3.org/1999/xlink""><defs /><rect fill=""rgb(100%,5%,61%)"" height=""50"" width=""50"" x=""0"" y=""0"" /></svg>",中間赤,🟥
14,0.0151,1804,190,1,"(120, 120, 70)",#787846,,earth,地球,"<svg baseProfile=""full"" height=""50"" version=""1.1"" width=""50"" xmlns=""http://www.w3.org/2000/svg"" xmlns:ev=""http://www.w3.org/2001/xml-events"" xmlns:xlink=""http://www.w3.org/1999/xlink""><defs /><rect fill=""rgb(100%,100%,70%)"" height=""50"" width=""50"" x=""0"" y=""0"" /></svg>",中間グレー,⬜
15,0.0118,6666,796,0,"(8, 255, 51)",#08FF33,,door,ドア,"<svg baseProfile=""full"" height=""50"" version=""1.1"" width=""50"" xmlns=""http://www.w3.org/2000/svg"" xmlns:ev=""http://www.w3.org/2001/xml-events"" xmlns:xlink=""http://www.w3.org/1999/xlink""><defs /><rect fill=""rgb(8%,100%,51%)"" height=""50"" width=""50"" x=""0"" y=""0"" /></svg>",明るい緑,🟩
16,0.011,4269,411,0,"(255, 6, 82)",#FF0652,,table,テーブル,"<svg baseProfile=""full"" height=""50"" version=""1.1"" width=""50"" xmlns=""http://www.w3.org/2000/svg"" xmlns:ev=""http://www.w3.org/2001/xml-events"" xmlns:xlink=""http://www.w3.org/1999/xlink""><defs /><rect fill=""rgb(100%,6%,82%)"" height=""50"" width=""50"" x=""0"" y=""0"" /></svg>",明るい赤,🟥
17,0.0109,1691,160,1,"(143, 255, 140)",#8FFF8C,,mountain,山,"<svg baseProfile=""full"" height=""50"" version=""1.1"" width=""50"" xmlns=""http://www.w3.org/2000/svg"" xmlns:ev=""http://www.w3.org/2001/xml-events"" xmlns:xlink=""http://www.w3.org/1999/xlink""><defs /><rect fill=""rgb(100%,100%,100%)"" height=""50"" width=""50"" x=""0"" y=""0"" /></svg>",明るい緑,🟩
18,0.0104,3999,441,0,"(204, 255, 4)",#CCFF04,,plant,植物,"<svg baseProfile=""full"" height=""50"" version=""1.1"" width=""50"" xmlns=""http://www.w3.org/2000/svg"" xmlns:ev=""http://www.w3.org/2001/xml-events"" xmlns:xlink=""http://www.w3.org/1999/xlink""><defs /><rect fill=""rgb(100%,100%,4%)"" height=""50"" width=""50"" x=""0"" y=""0"" /></svg>",明るい緑,🟩
19,0.0104,2149,217,0,"(255, 51, 7)",#FF3307,,curtain,カーテン,"<svg baseProfile=""full"" height=""50"" version=""1.1"" width=""50"" xmlns=""http://www.w3.org/2000/svg"" xmlns:ev=""http://www.w3.org/2001/xml-events"" xmlns:xlink=""http://www.w3.org/1999/xlink""><defs /><rect fill=""rgb(100%,51%,7%)"" height=""50"" width=""50"" x=""0"" y=""0"" /></svg>",明るい赤,🟥
20,0.0103,3261,318,0,"(204, 70, 3)",#CC4603,,chair,椅子,"<svg baseProfile=""full"" height=""50"" version=""1.1"" width=""50"" xmlns=""http://www.w3.org/2000/svg"" xmlns:ev=""http://www.w3.org/2001/xml-events"" xmlns:xlink=""http://www.w3.org/1999/xlink""><defs /><rect fill=""rgb(100%,70%,3%)"" height=""50"" width=""50"" x=""0"" y=""0"" /></svg>",明るい赤,🟥
21,0.0098,3164,306,0,"(0, 102, 200)",#0066C8,,car,車,"<svg baseProfile=""full"" height=""50"" version=""1.1"" width=""50"" xmlns=""http://www.w3.org/2000/svg"" xmlns:ev=""http://www.w3.org/2001/xml-events"" xmlns:xlink=""http://www.w3.org/1999/xlink""><defs /><rect fill=""rgb(0%,100%,100%)"" height=""50"" width=""50"" x=""0"" y=""0"" /></svg>",明るい青,🟦
22,0.0074,709,75,1,"(61, 230, 250)",#3DE6FA,,water,水,"<svg baseProfile=""full"" height=""50"" version=""1.1"" width=""50"" xmlns=""http://www.w3.org/2000/svg"" xmlns:ev=""http://www.w3.org/2001/xml-events"" xmlns:xlink=""http://www.w3.org/1999/xlink""><defs /><rect fill=""rgb(61%,100%,100%)"" height=""50"" width=""50"" x=""0"" y=""0"" /></svg>",明るい青,🟦
23,0.0067,3296,315,0,"(255, 6, 51)",#FF0633,,painting,絵画,"<svg baseProfile=""full"" height=""50"" version=""1.1"" width=""50"" xmlns=""http://www.w3.org/2000/svg"" xmlns:ev=""http://www.w3.org/2001/xml-events"" xmlns:xlink=""http://www.w3.org/1999/xlink""><defs /><rect fill=""rgb(100%,6%,51%)"" height=""50"" width=""50"" x=""0"" y=""0"" /></svg>",明るい赤,🟥
24,0.0065,1191,106,0,"(11, 102, 255)",#0B66FF,,sofa,ソファー,"<svg baseProfile=""full"" height=""50"" version=""1.1"" width=""50"" xmlns=""http://www.w3.org/2000/svg"" xmlns:ev=""http://www.w3.org/2001/xml-events"" xmlns:xlink=""http://www.w3.org/1999/xlink""><defs /><rect fill=""rgb(11%,100%,100%)"" height=""50"" width=""50"" x=""0"" y=""0"" /></svg>",明るい青,🟦
25,0.0061,1516,162,0,"(255, 7, 71)",#FF0747,,shelf,棚,"<svg baseProfile=""full"" height=""50"" version=""1.1"" width=""50"" xmlns=""http://www.w3.org/2000/svg"" xmlns:ev=""http://www.w3.org/2001/xml-events"" xmlns:xlink=""http://www.w3.org/1999/xlink""><defs /><rect fill=""rgb(100%,7%,71%)"" height=""50"" width=""50"" x=""0"" y=""0"" /></svg>",明るい赤,🟥
26,0.006,667,69,1,"(255, 9, 224)",#FF09E0,,house,家,"<svg baseProfile=""full"" height=""50"" version=""1.1"" width=""50"" xmlns=""http://www.w3.org/2000/svg"" xmlns:ev=""http://www.w3.org/2001/xml-events"" xmlns:xlink=""http://www.w3.org/1999/xlink""><defs /><rect fill=""rgb(100%,9%,100%)"" height=""50"" width=""50"" x=""0"" y=""0"" /></svg>",明るい赤,🟥
27,0.0053,651,57,1,"(9, 7, 230)",#0907E6,,sea,海,"<svg baseProfile=""full"" height=""50"" version=""1.1"" width=""50"" xmlns=""http://www.w3.org/2000/svg"" xmlns:ev=""http://www.w3.org/2001/xml-events"" xmlns:xlink=""http://www.w3.org/1999/xlink""><defs /><rect fill=""rgb(9%,7%,100%)"" height=""50"" width=""50"" x=""0"" y=""0"" /></svg>",明るい青,🟦
28,0.0052,1847,224,0,"(220, 220, 220)",#DCDCDC,,mirror,鏡,"<svg baseProfile=""full"" height=""50"" version=""1.1"" width=""50"" xmlns=""http://www.w3.org/2000/svg"" xmlns:ev=""http://www.w3.org/2001/xml-events"" xmlns:xlink=""http://www.w3.org/1999/xlink""><defs /><rect fill=""rgb(100%,100%,100%)"" height=""50"" width=""50"" x=""0"" y=""0"" /></svg>",明るいグレー,⬜
29,0.0046,1158,128,1,"(255, 9, 92)",#FF095C,,rug,ラグ,"<svg baseProfile=""full"" height=""50"" version=""1.1"" width=""50"" xmlns=""http://www.w3.org/2000/svg"" xmlns:ev=""http://www.w3.org/2001/xml-events"" xmlns:xlink=""http://www.w3.org/1999/xlink""><defs /><rect fill=""rgb(100%,9%,92%)"" height=""50"" width=""50"" x=""0"" y=""0"" /></svg>",明るい赤,🟥
30,0.0044,480,44,1,"(112, 9, 255)",#7009FF,,field,分野,"<svg baseProfile=""full"" height=""50"" version=""1.1"" width=""50"" xmlns=""http://www.w3.org/2000/svg"" xmlns:ev=""http://www.w3.org/2001/xml-events"" xmlns:xlink=""http://www.w3.org/1999/xlink""><defs /><rect fill=""rgb(100%,9%,100%)"" height=""50"" width=""50"" x=""0"" y=""0"" /></svg>",明るい青,🟦
31,0.0044,1172,98,0,"(8, 255, 214)",#08FFD6,,armchair,アームチェア,"<svg baseProfile=""full"" height=""50"" version=""1.1"" width=""50"" xmlns=""http://www.w3.org/2000/svg"" xmlns:ev=""http://www.w3.org/2001/xml-events"" xmlns:xlink=""http://www.w3.org/1999/xlink""><defs /><rect fill=""rgb(8%,100%,100%)"" height=""50"" width=""50"" x=""0"" y=""0"" /></svg>",明るい緑,🟩
32,0.0044,1292,184,0,"(7, 255, 224)",#07FFE0,,seat,シート,"<svg baseProfile=""full"" height=""50"" version=""1.1"" width=""50"" xmlns=""http://www.w3.org/2000/svg"" xmlns:ev=""http://www.w3.org/2001/xml-events"" xmlns:xlink=""http://www.w3.org/1999/xlink""><defs /><rect fill=""rgb(7%,100%,100%)"" height=""50"" width=""50"" x=""0"" y=""0"" /></svg>",明るい緑,🟩
33,0.0033,1386,138,0,"(255, 184, 6)",#FFB806,,fence,フェンス,"<svg baseProfile=""full"" height=""50"" version=""1.1"" width=""50"" xmlns=""http://www.w3.org/2000/svg"" xmlns:ev=""http://www.w3.org/2001/xml-events"" xmlns:xlink=""http://www.w3.org/1999/xlink""><defs /><rect fill=""rgb(100%,100%,6%)"" height=""50"" width=""50"" x=""0"" y=""0"" /></svg>",明るい赤,🟥
34,0.0031,698,61,0,"(10, 255, 71)",#0AFF47,,desk,机,"<svg baseProfile=""full"" height=""50"" version=""1.1"" width=""50"" xmlns=""http://www.w3.org/2000/svg"" xmlns:ev=""http://www.w3.org/2001/xml-events"" xmlns:xlink=""http://www.w3.org/1999/xlink""><defs /><rect fill=""rgb(10%,100%,71%)"" height=""50"" width=""50"" x=""0"" y=""0"" /></svg>",明るい緑,🟩
35,0.003,781,73,0,"(255, 41, 10)",#FF290A,,rock,ロック,"<svg baseProfile=""full"" height=""50"" version=""1.1"" width=""50"" xmlns=""http://www.w3.org/2000/svg"" xmlns:ev=""http://www.w3.org/2001/xml-events"" xmlns:xlink=""http://www.w3.org/1999/xlink""><defs /><rect fill=""rgb(100%,41%,10%)"" height=""50"" width=""50"" x=""0"" y=""0"" /></svg>",明るい赤,🟥
36,0.0027,380,43,0,"(7, 255, 255)",#07FFFF,,wardrobe,ワードローブ,"<svg baseProfile=""full"" height=""50"" version=""1.1"" width=""50"" xmlns=""http://www.w3.org/2000/svg"" xmlns:ev=""http://www.w3.org/2001/xml-events"" xmlns:xlink=""http://www.w3.org/1999/xlink""><defs /><rect fill=""rgb(7%,100%,100%)"" height=""50"" width=""50"" x=""0"" y=""0"" /></svg>",明るいグレー,⬜
37,0.0026,3089,302,0,"(224, 255, 8)",#E0FF08,,lamp,ランプ,"<svg baseProfile=""full"" height=""50"" version=""1.1"" width=""50"" xmlns=""http://www.w3.org/2000/svg"" xmlns:ev=""http://www.w3.org/2001/xml-events"" xmlns:xlink=""http://www.w3.org/1999/xlink""><defs /><rect fill=""rgb(100%,100%,8%)"" height=""50"" width=""50"" x=""0"" y=""0"" /></svg>",明るい緑,🟩
38,0.0024,404,37,0,"(102, 8, 255)",#6608FF,,bathtub,バスタブ,"<svg baseProfile=""full"" height=""50"" version=""1.1"" width=""50"" xmlns=""http://www.w3.org/2000/svg"" xmlns:ev=""http://www.w3.org/2001/xml-events"" xmlns:xlink=""http://www.w3.org/1999/xlink""><defs /><rect fill=""rgb(100%,8%,100%)"" height=""50"" width=""50"" x=""0"" y=""0"" /></svg>",明るい青,🟦
39,0.0024,804,99,0,"(255, 61, 6)",#FF3D06,,railing,手すり,"<svg baseProfile=""full"" height=""50"" version=""1.1"" width=""50"" xmlns=""http://www.w3.org/2000/svg"" xmlns:ev=""http://www.w3.org/2001/xml-events"" xmlns:xlink=""http://www.w3.org/1999/xlink""><defs /><rect fill=""rgb(100%,61%,6%)"" height=""50"" width=""50"" x=""0"" y=""0"" /></svg>",明るい赤,🟥
40,0.0023,1453,153,0,"(255, 194, 7)",#FFC207,,cushion,クッション,"<svg baseProfile=""full"" height=""50"" version=""1.1"" width=""50"" xmlns=""http://www.w3.org/2000/svg"" xmlns:ev=""http://www.w3.org/2001/xml-events"" xmlns:xlink=""http://www.w3.org/1999/xlink""><defs /><rect fill=""rgb(100%,100%,7%)"" height=""50"" width=""50"" x=""0"" y=""0"" /></svg>",明るい赤,🟥
41,0.0023,411,37,0,"(255, 122, 8)",#FF7A08,,base,ベース,"<svg baseProfile=""full"" height=""50"" version=""1.1"" width=""50"" xmlns=""http://www.w3.org/2000/svg"" xmlns:ev=""http://www.w3.org/2001/xml-events"" xmlns:xlink=""http://www.w3.org/1999/xlink""><defs /><rect fill=""rgb(100%,100%,8%)"" height=""50"" width=""50"" x=""0"" y=""0"" /></svg>",明るい赤,🟥
42,0.0022,1440,162,0,"(0, 255, 20)",#00FF14,,box,箱,"<svg baseProfile=""full"" height=""50"" version=""1.1"" width=""50"" xmlns=""http://www.w3.org/2000/svg"" xmlns:ev=""http://www.w3.org/2001/xml-events"" xmlns:xlink=""http://www.w3.org/1999/xlink""><defs /><rect fill=""rgb(0%,100%,20%)"" height=""50"" width=""50"" x=""0"" y=""0"" /></svg>",明るい緑,🟩
43,0.0022,800,77,0,"(255, 8, 41)",#FF0829,,column,カラム,"<svg baseProfile=""full"" height=""50"" version=""1.1"" width=""50"" xmlns=""http://www.w3.org/2000/svg"" xmlns:ev=""http://www.w3.org/2001/xml-events"" xmlns:xlink=""http://www.w3.org/1999/xlink""><defs /><rect fill=""rgb(100%,8%,41%)"" height=""50"" width=""50"" x=""0"" y=""0"" /></svg>",明るい赤,🟥
44,0.002,2650,298,0,"(255, 5, 153)",#FF0599,,signboard,看板,"<svg baseProfile=""full"" height=""50"" version=""1.1"" width=""50"" xmlns=""http://www.w3.org/2000/svg"" xmlns:ev=""http://www.w3.org/2001/xml-events"" xmlns:xlink=""http://www.w3.org/1999/xlink""><defs /><rect fill=""rgb(100%,5%,100%)"" height=""50"" width=""50"" x=""0"" y=""0"" /></svg>",明るい赤,🟥
45,0.0019,549,46,0,"(6, 51, 255)",#0633FF,,chest of drawers,引き出しの胸,"<svg baseProfile=""full"" height=""50"" version=""1.1"" width=""50"" xmlns=""http://www.w3.org/2000/svg"" xmlns:ev=""http://www.w3.org/2001/xml-events"" xmlns:xlink=""http://www.w3.org/1999/xlink""><defs /><rect fill=""rgb(6%,51%,100%)"" height=""50"" width=""50"" x=""0"" y=""0"" /></svg>",明るい青,🟦
46,0.0019,367,36,0,"(235, 12, 255)",#EB0CFF,,counter,カウンタ,"<svg baseProfile=""full"" height=""50"" version=""1.1"" width=""50"" xmlns=""http://www.w3.org/2000/svg"" xmlns:ev=""http://www.w3.org/2001/xml-events"" xmlns:xlink=""http://www.w3.org/1999/xlink""><defs /><rect fill=""rgb(100%,12%,100%)"" height=""50"" width=""50"" x=""0"" y=""0"" /></svg>",明るい青,🟦
47,0.0018,311,30,1,"(160, 150, 20)",#A09614,,sand,砂,"<svg baseProfile=""full"" height=""50"" version=""1.1"" width=""50"" xmlns=""http://www.w3.org/2000/svg"" xmlns:ev=""http://www.w3.org/2001/xml-events"" xmlns:xlink=""http://www.w3.org/1999/xlink""><defs /><rect fill=""rgb(100%,100%,20%)"" height=""50"" width=""50"" x=""0"" y=""0"" /></svg>",中間赤,🟥
48,0.0018,1181,122,0,"(0, 163, 255)",#00A3FF,,sink,シンク,"<svg baseProfile=""full"" height=""50"" version=""1.1"" width=""50"" xmlns=""http://www.w3.org/2000/svg"" xmlns:ev=""http://www.w3.org/2001/xml-events"" xmlns:xlink=""http://www.w3.org/1999/xlink""><defs /><rect fill=""rgb(0%,100%,100%)"" height=""50"" width=""50"" x=""0"" y=""0"" /></svg>",明るい青,🟦
49,0.0018,287,23,1,"(140, 140, 140)",#8C8C8C,,skyscraper,超高層ビル,"<svg baseProfile=""full"" height=""50"" version=""1.1"" width=""50"" xmlns=""http://www.w3.org/2000/svg"" xmlns:ev=""http://www.w3.org/2001/xml-events"" xmlns:xlink=""http://www.w3.org/1999/xlink""><defs /><rect fill=""rgb(100%,100%,100%)"" height=""50"" width=""50"" x=""0"" y=""0"" /></svg>",中間グレー,⬜
50,0.0018,468,38,0,"(0250, 10, 15)",#FA0A0F,,fireplace,暖炉,,不明,❓
51,0.0018,402,43,0,"(20, 255, 0)",#14FF00,,refrigerator,冷蔵庫,"<svg baseProfile=""full"" height=""50"" version=""1.1"" width=""50"" xmlns=""http://www.w3.org/2000/svg"" xmlns:ev=""http://www.w3.org/2001/xml-events"" xmlns:xlink=""http://www.w3.org/1999/xlink""><defs /><rect fill=""rgb(20%,100%,0%)"" height=""50"" width=""50"" x=""0"" y=""0"" /></svg>",明るい緑,🟩
52,0.0018,130,12,1,"(31, 255, 0)",#1FFF00,,grandstand,グランドスタンド,"<svg baseProfile=""full"" height=""50"" version=""1.1"" width=""50"" xmlns=""http://www.w3.org/2000/svg"" xmlns:ev=""http://www.w3.org/2001/xml-events"" xmlns:xlink=""http://www.w3.org/1999/xlink""><defs /><rect fill=""rgb(31%,100%,0%)"" height=""50"" width=""50"" x=""0"" y=""0"" /></svg>",明るい緑,🟩
53,0.0018,561,64,1,"(255, 31, 0)",#FF1F00,,path,パス,"<svg baseProfile=""full"" height=""50"" version=""1.1"" width=""50"" xmlns=""http://www.w3.org/2000/svg"" xmlns:ev=""http://www.w3.org/2001/xml-events"" xmlns:xlink=""http://www.w3.org/1999/xlink""><defs /><rect fill=""rgb(100%,31%,0%)"" height=""50"" width=""50"" x=""0"" y=""0"" /></svg>",明るい赤,🟥
54,0.0017,880,102,0,"(255, 224, 0)",#FFE000,,stairs,階段,"<svg baseProfile=""full"" height=""50"" version=""1.1"" width=""50"" xmlns=""http://www.w3.org/2000/svg"" xmlns:ev=""http://www.w3.org/2001/xml-events"" xmlns:xlink=""http://www.w3.org/1999/xlink""><defs /><rect fill=""rgb(100%,100%,0%)"" height=""50"" width=""50"" x=""0"" y=""0"" /></svg>",明るい赤,🟥
55,0.0017,86,12,1,"(153, 255, 0)",#99FF00,,runway,滑走路,"<svg baseProfile=""full"" height=""50"" version=""1.1"" width=""50"" xmlns=""http://www.w3.org/2000/svg"" xmlns:ev=""http://www.w3.org/2001/xml-events"" xmlns:xlink=""http://www.w3.org/1999/xlink""><defs /><rect fill=""rgb(100%,100%,0%)"" height=""50"" width=""50"" x=""0"" y=""0"" /></svg>",明るい緑,🟩
56,0.0017,172,11,0,"(0, 0, 255)",#0000FF,,case,場合,"<svg baseProfile=""full"" height=""50"" version=""1.1"" width=""50"" xmlns=""http://www.w3.org/2000/svg"" xmlns:ev=""http://www.w3.org/2001/xml-events"" xmlns:xlink=""http://www.w3.org/1999/xlink""><defs /><rect fill=""rgb(0%,0%,100%)"" height=""50"" width=""50"" x=""0"" y=""0"" /></svg>",明るい青,🟦
57,0.0017,198,18,0,"(255, 71, 0)",#FF4700,,pool table,プールテーブル,"<svg baseProfile=""full"" height=""50"" version=""1.1"" width=""50"" xmlns=""http://www.w3.org/2000/svg"" xmlns:ev=""http://www.w3.org/2001/xml-events"" xmlns:xlink=""http://www.w3.org/1999/xlink""><defs /><rect fill=""rgb(100%,71%,0%)"" height=""50"" width=""50"" x=""0"" y=""0"" /></svg>",明るい赤,🟥
58,0.0017,930,109,0,"(0, 235, 255)",#00EBFF,,pillow,枕,"<svg baseProfile=""full"" height=""50"" version=""1.1"" width=""50"" xmlns=""http://www.w3.org/2000/svg"" xmlns:ev=""http://www.w3.org/2001/xml-events"" xmlns:xlink=""http://www.w3.org/1999/xlink""><defs /><rect fill=""rgb(0%,100%,100%)"" height=""50"" width=""50"" x=""0"" y=""0"" /></svg>",明るい青,🟦
59,0.0015,139,18,0,"(0, 173, 255)",#00ADFF,,screen door,スクリーンドア,"<svg baseProfile=""full"" height=""50"" version=""1.1"" width=""50"" xmlns=""http://www.w3.org/2000/svg"" xmlns:ev=""http://www.w3.org/2001/xml-events"" xmlns:xlink=""http://www.w3.org/1999/xlink""><defs /><rect fill=""rgb(0%,100%,100%)"" height=""50"" width=""50"" x=""0"" y=""0"" /></svg>",明るい青,🟦
60,0.0015,564,52,1,"(31, 0, 255)",#1F00FF,,stairway,階段,"<svg baseProfile=""full"" height=""50"" version=""1.1"" width=""50"" xmlns=""http://www.w3.org/2000/svg"" xmlns:ev=""http://www.w3.org/2001/xml-events"" xmlns:xlink=""http://www.w3.org/1999/xlink""><defs /><rect fill=""rgb(31%,0%,100%)"" height=""50"" width=""50"" x=""0"" y=""0"" /></svg>",明るい青,🟦
61,0.0015,320,26,1,"(11, 200, 200)",#0BC8C8,,river,川,"<svg baseProfile=""full"" height=""50"" version=""1.1"" width=""50"" xmlns=""http://www.w3.org/2000/svg"" xmlns:ev=""http://www.w3.org/2001/xml-events"" xmlns:xlink=""http://www.w3.org/1999/xlink""><defs /><rect fill=""rgb(11%,100%,100%)"" height=""50"" width=""50"" x=""0"" y=""0"" /></svg>",明るいグレー,⬜
62,0.0015,261,29,1,"(255 ,82, 0)",#FF5200,,bridge,橋,"<svg baseProfile=""full"" height=""50"" version=""1.1"" width=""50"" xmlns=""http://www.w3.org/2000/svg"" xmlns:ev=""http://www.w3.org/2001/xml-events"" xmlns:xlink=""http://www.w3.org/1999/xlink""><defs /><rect fill=""rgb(100%,82%,0%)"" height=""50"" width=""50"" x=""0"" y=""0"" /></svg>",明るい赤,🟥
63,0.0014,275,22,0,"(0, 255, 245)",#00FFF5,,bookcase,本棚,"<svg baseProfile=""full"" height=""50"" version=""1.1"" width=""50"" xmlns=""http://www.w3.org/2000/svg"" xmlns:ev=""http://www.w3.org/2001/xml-events"" xmlns:xlink=""http://www.w3.org/1999/xlink""><defs /><rect fill=""rgb(0%,100%,100%)"" height=""50"" width=""50"" x=""0"" y=""0"" /></svg>",明るい緑,🟩
64,0.0014,335,60,0,"(0, 61, 255)",#003DFF,,blind,盲目,"<svg baseProfile=""full"" height=""50"" version=""1.1"" width=""50"" xmlns=""http://www.w3.org/2000/svg"" xmlns:ev=""http://www.w3.org/2001/xml-events"" xmlns:xlink=""http://www.w3.org/1999/xlink""><defs /><rect fill=""rgb(0%,61%,100%)"" height=""50"" width=""50"" x=""0"" y=""0"" /></svg>",明るい青,🟦
65,0.0014,792,75,0,"(0, 255, 112)",#00FF70,,coffee table,コー​​ヒーテーブル,"<svg baseProfile=""full"" height=""50"" version=""1.1"" width=""50"" xmlns=""http://www.w3.org/2000/svg"" xmlns:ev=""http://www.w3.org/2001/xml-events"" xmlns:xlink=""http://www.w3.org/1999/xlink""><defs /><rect fill=""rgb(0%,100%,100%)"" height=""50"" width=""50"" x=""0"" y=""0"" /></svg>",明るい緑,🟩
66,0.0014,395,49,0,"(0, 255, 133)",#00FF85,,toilet,トイレ,"<svg baseProfile=""full"" height=""50"" version=""1.1"" width=""50"" xmlns=""http://www.w3.org/2000/svg"" xmlns:ev=""http://www.w3.org/2001/xml-events"" xmlns:xlink=""http://www.w3.org/1999/xlink""><defs /><rect fill=""rgb(0%,100%,100%)"" height=""50"" width=""50"" x=""0"" y=""0"" /></svg>",明るい緑,🟩
67,0.0014,1309,138,0,"(255, 0, 0)",#FF0000,,flower,花,"<svg baseProfile=""full"" height=""50"" version=""1.1"" width=""50"" xmlns=""http://www.w3.org/2000/svg"" xmlns:ev=""http://www.w3.org/2001/xml-events"" xmlns:xlink=""http://www.w3.org/1999/xlink""><defs /><rect fill=""rgb(100%,0%,0%)"" height=""50"" width=""50"" x=""0"" y=""0"" /></svg>",明るい赤,🟥
68,0.0013,1112,113,0,"(255, 163, 0)",#FFA300,,book,本,"<svg baseProfile=""full"" height=""50"" version=""1.1"" width=""50"" xmlns=""http://www.w3.org/2000/svg"" xmlns:ev=""http://www.w3.org/2001/xml-events"" xmlns:xlink=""http://www.w3.org/1999/xlink""><defs /><rect fill=""rgb(100%,100%,0%)"" height=""50"" width=""50"" x=""0"" y=""0"" /></svg>",明るい赤,🟥
69,0.0013,266,27,1,"(255, 102, 0)",#FF6600,,hill,丘,"<svg baseProfile=""full"" height=""50"" version=""1.1"" width=""50"" xmlns=""http://www.w3.org/2000/svg"" xmlns:ev=""http://www.w3.org/2001/xml-events"" xmlns:xlink=""http://www.w3.org/1999/xlink""><defs /><rect fill=""rgb(100%,100%,0%)"" height=""50"" width=""50"" x=""0"" y=""0"" /></svg>",明るい赤,🟥
70,0.0013,659,66,0,"(194, 255, 0)",#C2FF00,,bench,ベンチ,"<svg baseProfile=""full"" height=""50"" version=""1.1"" width=""50"" xmlns=""http://www.w3.org/2000/svg"" xmlns:ev=""http://www.w3.org/2001/xml-events"" xmlns:xlink=""http://www.w3.org/1999/xlink""><defs /><rect fill=""rgb(100%,100%,0%)"" height=""50"" width=""50"" x=""0"" y=""0"" /></svg>",明るい緑,🟩
71,0.0012,331,31,0,"(0, 143, 255)",#008FFF,,countertop,カウンタートップ,"<svg baseProfile=""full"" height=""50"" version=""1.1"" width=""50"" xmlns=""http://www.w3.org/2000/svg"" xmlns:ev=""http://www.w3.org/2001/xml-events"" xmlns:xlink=""http://www.w3.org/1999/xlink""><defs /><rect fill=""rgb(0%,100%,100%)"" height=""50"" width=""50"" x=""0"" y=""0"" /></svg>",明るい青,🟦
72,0.0012,531,56,0,"(51, 255, 0)",#33FF00,,stove,レンジ,"<svg baseProfile=""full"" height=""50"" version=""1.1"" width=""50"" xmlns=""http://www.w3.org/2000/svg"" xmlns:ev=""http://www.w3.org/2001/xml-events"" xmlns:xlink=""http://www.w3.org/1999/xlink""><defs /><rect fill=""rgb(51%,100%,0%)"" height=""50"" width=""50"" x=""0"" y=""0"" /></svg>",明るい緑,🟩
73,0.0012,369,36,0,"(0, 82, 255)",#0052FF,,palm,手のひら,"<svg baseProfile=""full"" height=""50"" version=""1.1"" width=""50"" xmlns=""http://www.w3.org/2000/svg"" xmlns:ev=""http://www.w3.org/2001/xml-events"" xmlns:xlink=""http://www.w3.org/1999/xlink""><defs /><rect fill=""rgb(0%,82%,100%)"" height=""50"" width=""50"" x=""0"" y=""0"" /></svg>",明るい青,🟦
74,0.0012,144,9,0,"(0, 255, 41)",#00FF29,,kitchen island,キッチンアイランド,"<svg baseProfile=""full"" height=""50"" version=""1.1"" width=""50"" xmlns=""http://www.w3.org/2000/svg"" xmlns:ev=""http://www.w3.org/2001/xml-events"" xmlns:xlink=""http://www.w3.org/1999/xlink""><defs /><rect fill=""rgb(0%,100%,41%)"" height=""50"" width=""50"" x=""0"" y=""0"" /></svg>",明るい緑,🟩
75,0.0011,265,29,0,"(0, 255, 173)",#00FFAD,,computer,コンピューター,"<svg baseProfile=""full"" height=""50"" version=""1.1"" width=""50"" xmlns=""http://www.w3.org/2000/svg"" xmlns:ev=""http://www.w3.org/2001/xml-events"" xmlns:xlink=""http://www.w3.org/1999/xlink""><defs /><rect fill=""rgb(0%,100%,100%)"" height=""50"" width=""50"" x=""0"" y=""0"" /></svg>",明るい緑,🟩
76,0.001,324,33,0,"(10, 0, 255)",#0A00FF,,swivel chair,スイベルチェア,"<svg baseProfile=""full"" height=""50"" version=""1.1"" width=""50"" xmlns=""http://www.w3.org/2000/svg"" xmlns:ev=""http://www.w3.org/2001/xml-events"" xmlns:xlink=""http://www.w3.org/1999/xlink""><defs /><rect fill=""rgb(10%,0%,100%)"" height=""50"" width=""50"" x=""0"" y=""0"" /></svg>",明るい青,🟦
77,0.0009,304,27,0,"(173, 255, 0)",#ADFF00,,boat,ボート,"<svg baseProfile=""full"" height=""50"" version=""1.1"" width=""50"" xmlns=""http://www.w3.org/2000/svg"" xmlns:ev=""http://www.w3.org/2001/xml-events"" xmlns:xlink=""http://www.w3.org/1999/xlink""><defs /><rect fill=""rgb(100%,100%,0%)"" height=""50"" width=""50"" x=""0"" y=""0"" /></svg>",明るい緑,🟩
78,0.0009,170,20,0,"(0, 255, 153)",#00FF99,,bar,バー,"<svg baseProfile=""full"" height=""50"" version=""1.1"" width=""50"" xmlns=""http://www.w3.org/2000/svg"" xmlns:ev=""http://www.w3.org/2001/xml-events"" xmlns:xlink=""http://www.w3.org/1999/xlink""><defs /><rect fill=""rgb(0%,100%,100%)"" height=""50"" width=""50"" x=""0"" y=""0"" /></svg>",明るい緑,🟩
79,0.0009,68,6,0,"(255, 92, 0)",#FF5C00,,arcade machine,アーケードマシン,"<svg baseProfile=""full"" height=""50"" version=""1.1"" width=""50"" xmlns=""http://www.w3.org/2000/svg"" xmlns:ev=""http://www.w3.org/2001/xml-events"" xmlns:xlink=""http://www.w3.org/1999/xlink""><defs /><rect fill=""rgb(100%,92%,0%)"" height=""50"" width=""50"" x=""0"" y=""0"" /></svg>",明るい赤,🟥
80,0.0009,65,8,1,"(255, 0, 255)",#FF00FF,,hovel,hovel,"<svg baseProfile=""full"" height=""50"" version=""1.1"" width=""50"" xmlns=""http://www.w3.org/2000/svg"" xmlns:ev=""http://www.w3.org/2001/xml-events"" xmlns:xlink=""http://www.w3.org/1999/xlink""><defs /><rect fill=""rgb(100%,0%,100%)"" height=""50"" width=""50"" x=""0"" y=""0"" /></svg>",明るいグレー,⬜
81,0.0009,248,25,0,"(255, 0, 245)",#FF00F5,,bus,バス,"<svg baseProfile=""full"" height=""50"" version=""1.1"" width=""50"" xmlns=""http://www.w3.org/2000/svg"" xmlns:ev=""http://www.w3.org/2001/xml-events"" xmlns:xlink=""http://www.w3.org/1999/xlink""><defs /><rect fill=""rgb(100%,0%,100%)"" height=""50"" width=""50"" x=""0"" y=""0"" /></svg>",明るい赤,🟥
82,0.0008,492,49,0,"(255, 0, 102)",#FF0066,,towel,タオル,"<svg baseProfile=""full"" height=""50"" version=""1.1"" width=""50"" xmlns=""http://www.w3.org/2000/svg"" xmlns:ev=""http://www.w3.org/2001/xml-events"" xmlns:xlink=""http://www.w3.org/1999/xlink""><defs /><rect fill=""rgb(100%,0%,100%)"" height=""50"" width=""50"" x=""0"" y=""0"" /></svg>",明るい赤,🟥
83,0.0008,2510,269,0,"(255, 173, 0)",#FFAD00,,light,ライト,"<svg baseProfile=""full"" height=""50"" version=""1.1"" width=""50"" xmlns=""http://www.w3.org/2000/svg"" xmlns:ev=""http://www.w3.org/2001/xml-events"" xmlns:xlink=""http://www.w3.org/1999/xlink""><defs /><rect fill=""rgb(100%,100%,0%)"" height=""50"" width=""50"" x=""0"" y=""0"" /></svg>",明るい赤,🟥
84,0.0008,440,39,0,"(255, 0, 20)",#FF0014,,truck,トラック,"<svg baseProfile=""full"" height=""50"" version=""1.1"" width=""50"" xmlns=""http://www.w3.org/2000/svg"" xmlns:ev=""http://www.w3.org/2001/xml-events"" xmlns:xlink=""http://www.w3.org/1999/xlink""><defs /><rect fill=""rgb(100%,0%,20%)"" height=""50"" width=""50"" x=""0"" y=""0"" /></svg>",明るい赤,🟥
85,0.0008,147,18,1,"(255, 184, 184)",#FFB8B8,,tower,タワー,"<svg baseProfile=""full"" height=""50"" version=""1.1"" width=""50"" xmlns=""http://www.w3.org/2000/svg"" xmlns:ev=""http://www.w3.org/2001/xml-events"" xmlns:xlink=""http://www.w3.org/1999/xlink""><defs /><rect fill=""rgb(100%,100%,100%)"" height=""50"" width=""50"" x=""0"" y=""0"" /></svg>",明るい赤,🟥
86,0.0008,583,56,0,"(0, 31, 255)",#001FFF,,chandelier,シャンデリア,"<svg baseProfile=""full"" height=""50"" version=""1.1"" width=""50"" xmlns=""http://www.w3.org/2000/svg"" xmlns:ev=""http://www.w3.org/2001/xml-events"" xmlns:xlink=""http://www.w3.org/1999/xlink""><defs /><rect fill=""rgb(0%,31%,100%)"" height=""50"" width=""50"" x=""0"" y=""0"" /></svg>",明るい青,🟦
87,0.0007,533,61,0,"(0, 255, 61)",#00FF3D,,awning,オーニング,"<svg baseProfile=""full"" height=""50"" version=""1.1"" width=""50"" xmlns=""http://www.w3.org/2000/svg"" xmlns:ev=""http://www.w3.org/2001/xml-events"" xmlns:xlink=""http://www.w3.org/1999/xlink""><defs /><rect fill=""rgb(0%,100%,61%)"" height=""50"" width=""50"" x=""0"" y=""0"" /></svg>",明るい緑,🟩
88,0.0007,1989,239,0,"(0, 71, 255)",#0047FF,,streetlight,街灯,"<svg baseProfile=""full"" height=""50"" version=""1.1"" width=""50"" xmlns=""http://www.w3.org/2000/svg"" xmlns:ev=""http://www.w3.org/2001/xml-events"" xmlns:xlink=""http://www.w3.org/1999/xlink""><defs /><rect fill=""rgb(0%,71%,100%)"" height=""50"" width=""50"" x=""0"" y=""0"" /></svg>",明るい青,🟦
89,0.0007,71,5,0,"(255, 0, 204)",#FF00CC,,booth,ブース,"<svg baseProfile=""full"" height=""50"" version=""1.1"" width=""50"" xmlns=""http://www.w3.org/2000/svg"" xmlns:ev=""http://www.w3.org/2001/xml-events"" xmlns:xlink=""http://www.w3.org/1999/xlink""><defs /><rect fill=""rgb(100%,0%,100%)"" height=""50"" width=""50"" x=""0"" y=""0"" /></svg>",明るい赤,🟥
90,0.0007,618,53,0,"(0, 255, 194)",#00FFC2,,television receiver,テレビレシーバー,"<svg baseProfile=""full"" height=""50"" version=""1.1"" width=""50"" xmlns=""http://www.w3.org/2000/svg"" xmlns:ev=""http://www.w3.org/2001/xml-events"" xmlns:xlink=""http://www.w3.org/1999/xlink""><defs /><rect fill=""rgb(0%,100%,100%)"" height=""50"" width=""50"" x=""0"" y=""0"" /></svg>",明るい緑,🟩
91,0.0007,135,12,0,"(0, 255, 82)",#00FF52,,airplane,飛行機,"<svg baseProfile=""full"" height=""50"" version=""1.1"" width=""50"" xmlns=""http://www.w3.org/2000/svg"" xmlns:ev=""http://www.w3.org/2001/xml-events"" xmlns:xlink=""http://www.w3.org/1999/xlink""><defs /><rect fill=""rgb(0%,100%,82%)"" height=""50"" width=""50"" x=""0"" y=""0"" /></svg>",明るい緑,🟩
92,0.0007,83,5,1,"(0, 10, 255)",#000AFF,,dirt track,ダートトラック,"<svg baseProfile=""full"" height=""50"" version=""1.1"" width=""50"" xmlns=""http://www.w3.org/2000/svg"" xmlns:ev=""http://www.w3.org/2001/xml-events"" xmlns:xlink=""http://www.w3.org/1999/xlink""><defs /><rect fill=""rgb(0%,10%,100%)"" height=""50"" width=""50"" x=""0"" y=""0"" /></svg>",明るい青,🟦
93,0.0007,178,17,0,"(0, 112, 255)",#0070FF,,apparel,衣服,"<svg baseProfile=""full"" height=""50"" version=""1.1"" width=""50"" xmlns=""http://www.w3.org/2000/svg"" xmlns:ev=""http://www.w3.org/2001/xml-events"" xmlns:xlink=""http://www.w3.org/1999/xlink""><defs /><rect fill=""rgb(0%,100%,100%)"" height=""50"" width=""50"" x=""0"" y=""0"" /></svg>",明るい青,🟦
94,0.0006,1003,104,0,"(51, 0, 255)",#3300FF,,pole,ポール,"<svg baseProfile=""full"" height=""50"" version=""1.1"" width=""50"" xmlns=""http://www.w3.org/2000/svg"" xmlns:ev=""http://www.w3.org/2001/xml-events"" xmlns:xlink=""http://www.w3.org/1999/xlink""><defs /><rect fill=""rgb(51%,0%,100%)"" height=""50"" width=""50"" x=""0"" y=""0"" /></svg>",明るい青,🟦
95,0.0006,182,12,1,"(0, 194, 255)",#00C2FF,,land,土地,"<svg baseProfile=""full"" height=""50"" version=""1.1"" width=""50"" xmlns=""http://www.w3.org/2000/svg"" xmlns:ev=""http://www.w3.org/2001/xml-events"" xmlns:xlink=""http://www.w3.org/1999/xlink""><defs /><rect fill=""rgb(0%,100%,100%)"" height=""50"" width=""50"" x=""0"" y=""0"" /></svg>",明るい青,🟦
96,0.0006,452,50,0,"(0, 122, 255)",#007AFF,,bannister,バニスター,"<svg baseProfile=""full"" height=""50"" version=""1.1"" width=""50"" xmlns=""http://www.w3.org/2000/svg"" xmlns:ev=""http://www.w3.org/2001/xml-events"" xmlns:xlink=""http://www.w3.org/1999/xlink""><defs /><rect fill=""rgb(0%,100%,100%)"" height=""50"" width=""50"" x=""0"" y=""0"" /></svg>",明るい青,🟦
97,0.0006,42,6,1,"(0, 255, 163)",#00FFA3,,escalator,エスカレーター,"<svg baseProfile=""full"" height=""50"" version=""1.1"" width=""50"" xmlns=""http://www.w3.org/2000/svg"" xmlns:ev=""http://www.w3.org/2001/xml-events"" xmlns:xlink=""http://www.w3.org/1999/xlink""><defs /><rect fill=""rgb(0%,100%,100%)"" height=""50"" width=""50"" x=""0"" y=""0"" /></svg>",明るい緑,🟩
98,0.0006,307,31,0,"(255, 153, 0)",#FF9900,,ottoman,オスマン帝国,"<svg baseProfile=""full"" height=""50"" version=""1.1"" width=""50"" xmlns=""http://www.w3.org/2000/svg"" xmlns:ev=""http://www.w3.org/2001/xml-events"" xmlns:xlink=""http://www.w3.org/1999/xlink""><defs /><rect fill=""rgb(100%,100%,0%)"" height=""50"" width=""50"" x=""0"" y=""0"" /></svg>",明るい赤,🟥
99,0.0006,965,114,0,"(0, 255, 10)",#00FF0A,,bottle,ボトル,"<svg baseProfile=""full"" height=""50"" version=""1.1"" width=""50"" xmlns=""http://www.w3.org/2000/svg"" xmlns:ev=""http://www.w3.org/2001/xml-events"" xmlns:xlink=""http://www.w3.org/1999/xlink""><defs /><rect fill=""rgb(0%,100%,10%)"" height=""50"" width=""50"" x=""0"" y=""0"" /></svg>",明るい緑,🟩
100,0.0006,117,13,0,"(255, 112, 0)",#FF7000,,buffet,ビュッフェ,"<svg baseProfile=""full"" height=""50"" version=""1.1"" width=""50"" xmlns=""http://www.w3.org/2000/svg"" xmlns:ev=""http://www.w3.org/2001/xml-events"" xmlns:xlink=""http://www.w3.org/1999/xlink""><defs /><rect fill=""rgb(100%,100%,0%)"" height=""50"" width=""50"" x=""0"" y=""0"" /></svg>",明るい赤,🟥
101,0.0006,354,35,0,"(143, 255, 0)",#8FFF00,,poster,ポスター,"<svg baseProfile=""full"" height=""50"" version=""1.1"" width=""50"" xmlns=""http://www.w3.org/2000/svg"" xmlns:ev=""http://www.w3.org/2001/xml-events"" xmlns:xlink=""http://www.w3.org/1999/xlink""><defs /><rect fill=""rgb(100%,100%,0%)"" height=""50"" width=""50"" x=""0"" y=""0"" /></svg>",明るい緑,🟩
102,0.0006,108,9,1,"(82, 0, 255)",#5200FF,,stage,ステージ,"<svg baseProfile=""full"" height=""50"" version=""1.1"" width=""50"" xmlns=""http://www.w3.org/2000/svg"" xmlns:ev=""http://www.w3.org/2001/xml-events"" xmlns:xlink=""http://www.w3.org/1999/xlink""><defs /><rect fill=""rgb(82%,0%,100%)"" height=""50"" width=""50"" x=""0"" y=""0"" /></svg>",明るい青,🟦
103,0.0006,557,55,0,"(163, 255, 0)",#A3FF00,,van,バン,"<svg baseProfile=""full"" height=""50"" version=""1.1"" width=""50"" xmlns=""http://www.w3.org/2000/svg"" xmlns:ev=""http://www.w3.org/2001/xml-events"" xmlns:xlink=""http://www.w3.org/1999/xlink""><defs /><rect fill=""rgb(100%,100%,0%)"" height=""50"" width=""50"" x=""0"" y=""0"" /></svg>",明るい緑,🟩
104,0.0006,52,4,0,"(255, 235, 0)",#FFEB00,,ship,船,"<svg baseProfile=""full"" height=""50"" version=""1.1"" width=""50"" xmlns=""http://www.w3.org/2000/svg"" xmlns:ev=""http://www.w3.org/2001/xml-events"" xmlns:xlink=""http://www.w3.org/1999/xlink""><defs /><rect fill=""rgb(100%,100%,0%)"" height=""50"" width=""50"" x=""0"" y=""0"" /></svg>",明るい赤,🟥
105,0.0005,99,5,0,"(8, 184, 170)",#08B8AA,,fountain,噴水,"<svg baseProfile=""full"" height=""50"" version=""1.1"" width=""50"" xmlns=""http://www.w3.org/2000/svg"" xmlns:ev=""http://www.w3.org/2001/xml-events"" xmlns:xlink=""http://www.w3.org/1999/xlink""><defs /><rect fill=""rgb(8%,100%,100%)"" height=""50"" width=""50"" x=""0"" y=""0"" /></svg>",明るい緑,🟩
106,0.0005,57,4,1,"(133, 0, 255)",#8500FF,,conveyer belt,コンベアベルト,"<svg baseProfile=""full"" height=""50"" version=""1.1"" width=""50"" xmlns=""http://www.w3.org/2000/svg"" xmlns:ev=""http://www.w3.org/2001/xml-events"" xmlns:xlink=""http://www.w3.org/1999/xlink""><defs /><rect fill=""rgb(100%,0%,100%)"" height=""50"" width=""50"" x=""0"" y=""0"" /></svg>",明るい青,🟦
107,0.0005,292,31,0,"(0, 255, 92)",#00FF5C,,canopy,天蓋,"<svg baseProfile=""full"" height=""50"" version=""1.1"" width=""50"" xmlns=""http://www.w3.org/2000/svg"" xmlns:ev=""http://www.w3.org/2001/xml-events"" xmlns:xlink=""http://www.w3.org/1999/xlink""><defs /><rect fill=""rgb(0%,100%,92%)"" height=""50"" width=""50"" x=""0"" y=""0"" /></svg>",明るい緑,🟩
108,0.0005,77,9,0,"(184, 0, 255)",#B800FF,,washer,洗濯機,"<svg baseProfile=""full"" height=""50"" version=""1.1"" width=""50"" xmlns=""http://www.w3.org/2000/svg"" xmlns:ev=""http://www.w3.org/2001/xml-events"" xmlns:xlink=""http://www.w3.org/1999/xlink""><defs /><rect fill=""rgb(100%,0%,100%)"" height=""50"" width=""50"" x=""0"" y=""0"" /></svg>",明るい青,🟦
109,0.0005,340,38,0,"(255, 0, 31)",#FF001F,,plaything,遊び,"<svg baseProfile=""full"" height=""50"" version=""1.1"" width=""50"" xmlns=""http://www.w3.org/2000/svg"" xmlns:ev=""http://www.w3.org/2001/xml-events"" xmlns:xlink=""http://www.w3.org/1999/xlink""><defs /><rect fill=""rgb(100%,0%,31%)"" height=""50"" width=""50"" x=""0"" y=""0"" /></svg>",明るい赤,🟥
110,0.0005,66,3,1,"(0, 184, 255)",#00B8FF,,swimming pool,スイミングプール,"<svg baseProfile=""full"" height=""50"" version=""1.1"" width=""50"" xmlns=""http://www.w3.org/2000/svg"" xmlns:ev=""http://www.w3.org/2001/xml-events"" xmlns:xlink=""http://www.w3.org/1999/xlink""><defs /><rect fill=""rgb(0%,100%,100%)"" height=""50"" width=""50"" x=""0"" y=""0"" /></svg>",明るい青,🟦
111,0.0005,465,49,0,"(0, 214, 255)",#00D6FF,,stool,スツール,"<svg baseProfile=""full"" height=""50"" version=""1.1"" width=""50"" xmlns=""http://www.w3.org/2000/svg"" xmlns:ev=""http://www.w3.org/2001/xml-events"" xmlns:xlink=""http://www.w3.org/1999/xlink""><defs /><rect fill=""rgb(0%,100%,100%)"" height=""50"" width=""50"" x=""0"" y=""0"" /></svg>",明るい青,🟦
112,0.0005,50,4,0,"(255, 0, 112)",#FF0070,,barrel,バレル,"<svg baseProfile=""full"" height=""50"" version=""1.1"" width=""50"" xmlns=""http://www.w3.org/2000/svg"" xmlns:ev=""http://www.w3.org/2001/xml-events"" xmlns:xlink=""http://www.w3.org/1999/xlink""><defs /><rect fill=""rgb(100%,0%,100%)"" height=""50"" width=""50"" x=""0"" y=""0"" /></svg>",明るい赤,🟥
113,0.0005,622,75,0,"(92, 255, 0)",#5CFF00,,basket,バスケット,"<svg baseProfile=""full"" height=""50"" version=""1.1"" width=""50"" xmlns=""http://www.w3.org/2000/svg"" xmlns:ev=""http://www.w3.org/2001/xml-events"" xmlns:xlink=""http://www.w3.org/1999/xlink""><defs /><rect fill=""rgb(92%,100%,0%)"" height=""50"" width=""50"" x=""0"" y=""0"" /></svg>",明るい緑,🟩
114,0.0005,80,9,1,"(0, 224, 255)",#00E0FF,,waterfall,滝,"<svg baseProfile=""full"" height=""50"" version=""1.1"" width=""50"" xmlns=""http://www.w3.org/2000/svg"" xmlns:ev=""http://www.w3.org/2001/xml-events"" xmlns:xlink=""http://www.w3.org/1999/xlink""><defs /><rect fill=""rgb(0%,100%,100%)"" height=""50"" width=""50"" x=""0"" y=""0"" /></svg>",明るい青,🟦
115,0.0005,59,3,0,"(112, 224, 255)",#70E0FF,,tent,テント,"<svg baseProfile=""full"" height=""50"" version=""1.1"" width=""50"" xmlns=""http://www.w3.org/2000/svg"" xmlns:ev=""http://www.w3.org/2001/xml-events"" xmlns:xlink=""http://www.w3.org/1999/xlink""><defs /><rect fill=""rgb(100%,100%,100%)"" height=""50"" width=""50"" x=""0"" y=""0"" /></svg>",明るい青,🟦
116,0.0005,531,72,0,"(70, 184, 160)",#46B8A0,,bag,バッグ,"<svg baseProfile=""full"" height=""50"" version=""1.1"" width=""50"" xmlns=""http://www.w3.org/2000/svg"" xmlns:ev=""http://www.w3.org/2001/xml-events"" xmlns:xlink=""http://www.w3.org/1999/xlink""><defs /><rect fill=""rgb(70%,100%,100%)"" height=""50"" width=""50"" x=""0"" y=""0"" /></svg>",明るい緑,🟩
117,0.0005,282,30,0,"(163, 0, 255)",#A300FF,,minibike,ミニビケ,"<svg baseProfile=""full"" height=""50"" version=""1.1"" width=""50"" xmlns=""http://www.w3.org/2000/svg"" xmlns:ev=""http://www.w3.org/2001/xml-events"" xmlns:xlink=""http://www.w3.org/1999/xlink""><defs /><rect fill=""rgb(100%,0%,100%)"" height=""50"" width=""50"" x=""0"" y=""0"" /></svg>",明るい青,🟦
118,0.0005,73,7,0,"(153, 0, 255)",#9900FF,,cradle,ゆりかご,"<svg baseProfile=""full"" height=""50"" version=""1.1"" width=""50"" xmlns=""http://www.w3.org/2000/svg"" xmlns:ev=""http://www.w3.org/2001/xml-events"" xmlns:xlink=""http://www.w3.org/1999/xlink""><defs /><rect fill=""rgb(100%,0%,100%)"" height=""50"" width=""50"" x=""0"" y=""0"" /></svg>",明るい青,🟦
119,0.0005,435,44,0,"(71, 255, 0)",#47FF00,,oven,オーブン,"<svg baseProfile=""full"" height=""50"" version=""1.1"" width=""50"" xmlns=""http://www.w3.org/2000/svg"" xmlns:ev=""http://www.w3.org/2001/xml-events"" xmlns:xlink=""http://www.w3.org/1999/xlink""><defs /><rect fill=""rgb(71%,100%,0%)"" height=""50"" width=""50"" x=""0"" y=""0"" /></svg>",明るい緑,🟩
120,0.0005,136,25,0,"(255, 0, 163)",#FF00A3,,ball,ボール,"<svg baseProfile=""full"" height=""50"" version=""1.1"" width=""50"" xmlns=""http://www.w3.org/2000/svg"" xmlns:ev=""http://www.w3.org/2001/xml-events"" xmlns:xlink=""http://www.w3.org/1999/xlink""><defs /><rect fill=""rgb(100%,0%,100%)"" height=""50"" width=""50"" x=""0"" y=""0"" /></svg>",明るい赤,🟥
121,0.0005,116,24,0,"(255, 204, 0)",#FFCC00,,food,食べ物,"<svg baseProfile=""full"" height=""50"" version=""1.1"" width=""50"" xmlns=""http://www.w3.org/2000/svg"" xmlns:ev=""http://www.w3.org/2001/xml-events"" xmlns:xlink=""http://www.w3.org/1999/xlink""><defs /><rect fill=""rgb(100%,100%,0%)"" height=""50"" width=""50"" x=""0"" y=""0"" /></svg>",明るい赤,🟥
122,0.0004,266,31,0,"(255, 0, 143)",#FF008F,,step,ステップ,"<svg baseProfile=""full"" height=""50"" version=""1.1"" width=""50"" xmlns=""http://www.w3.org/2000/svg"" xmlns:ev=""http://www.w3.org/2001/xml-events"" xmlns:xlink=""http://www.w3.org/1999/xlink""><defs /><rect fill=""rgb(100%,0%,100%)"" height=""50"" width=""50"" x=""0"" y=""0"" /></svg>",明るい赤,🟥
123,0.0004,58,12,0,"(0, 255, 235)",#00FFEB,,tank,タンク,"<svg baseProfile=""full"" height=""50"" version=""1.1"" width=""50"" xmlns=""http://www.w3.org/2000/svg"" xmlns:ev=""http://www.w3.org/2001/xml-events"" xmlns:xlink=""http://www.w3.org/1999/xlink""><defs /><rect fill=""rgb(0%,100%,100%)"" height=""50"" width=""50"" x=""0"" y=""0"" /></svg>",明るい緑,🟩
124,0.0004,418,83,0,"(133, 255, 0)",#85FF00,,trade name,トレード名,"<svg baseProfile=""full"" height=""50"" version=""1.1"" width=""50"" xmlns=""http://www.w3.org/2000/svg"" xmlns:ev=""http://www.w3.org/2001/xml-events"" xmlns:xlink=""http://www.w3.org/1999/xlink""><defs /><rect fill=""rgb(100%,100%,0%)"" height=""50"" width=""50"" x=""0"" y=""0"" /></svg>",明るい緑,🟩
125,0.0004,319,43,0,"(255, 0, 235)",#FF00EB,,microwave,電子レンジ,"<svg baseProfile=""full"" height=""50"" version=""1.1"" width=""50"" xmlns=""http://www.w3.org/2000/svg"" xmlns:ev=""http://www.w3.org/2001/xml-events"" xmlns:xlink=""http://www.w3.org/1999/xlink""><defs /><rect fill=""rgb(100%,0%,100%)"" height=""50"" width=""50"" x=""0"" y=""0"" /></svg>",明るい赤,🟥
126,0.0004,1193,139,0,"(245, 0, 255)",#F500FF,,pot,ポット,"<svg baseProfile=""full"" height=""50"" version=""1.1"" width=""50"" xmlns=""http://www.w3.org/2000/svg"" xmlns:ev=""http://www.w3.org/2001/xml-events"" xmlns:xlink=""http://www.w3.org/1999/xlink""><defs /><rect fill=""rgb(100%,0%,100%)"" height=""50"" width=""50"" x=""0"" y=""0"" /></svg>",明るい青,🟦
127,0.0004,97,23,0,"(255, 0, 122)",#FF007A,,animal,動物,"<svg baseProfile=""full"" height=""50"" version=""1.1"" width=""50"" xmlns=""http://www.w3.org/2000/svg"" xmlns:ev=""http://www.w3.org/2001/xml-events"" xmlns:xlink=""http://www.w3.org/1999/xlink""><defs /><rect fill=""rgb(100%,0%,100%)"" height=""50"" width=""50"" x=""0"" y=""0"" /></svg>",明るい赤,🟥
128,0.0004,347,36,0,"(255, 245, 0)",#FFF500,,bicycle,自転車,"<svg baseProfile=""full"" height=""50"" version=""1.1"" width=""50"" xmlns=""http://www.w3.org/2000/svg"" xmlns:ev=""http://www.w3.org/2001/xml-events"" xmlns:xlink=""http://www.w3.org/1999/xlink""><defs /><rect fill=""rgb(100%,100%,0%)"" height=""50"" width=""50"" x=""0"" y=""0"" /></svg>",明るい赤,🟥
129,0.0004,52,5,1,"(10, 190, 212)",#0ABED4,,lake,湖,"<svg baseProfile=""full"" height=""50"" version=""1.1"" width=""50"" xmlns=""http://www.w3.org/2000/svg"" xmlns:ev=""http://www.w3.org/2001/xml-events"" xmlns:xlink=""http://www.w3.org/1999/xlink""><defs /><rect fill=""rgb(10%,100%,100%)"" height=""50"" width=""50"" x=""0"" y=""0"" /></svg>",明るい青,🟦
130,0.0004,246,22,0,"(214, 255, 0)",#D6FF00,,dishwasher,食器洗い機,"<svg baseProfile=""full"" height=""50"" version=""1.1"" width=""50"" xmlns=""http://www.w3.org/2000/svg"" xmlns:ev=""http://www.w3.org/2001/xml-events"" xmlns:xlink=""http://www.w3.org/1999/xlink""><defs /><rect fill=""rgb(100%,100%,0%)"" height=""50"" width=""50"" x=""0"" y=""0"" /></svg>",明るい緑,🟩
131,0.0004,108,13,0,"(0, 204, 255)",#00CCFF,,screen,画面,"<svg baseProfile=""full"" height=""50"" version=""1.1"" width=""50"" xmlns=""http://www.w3.org/2000/svg"" xmlns:ev=""http://www.w3.org/2001/xml-events"" xmlns:xlink=""http://www.w3.org/1999/xlink""><defs /><rect fill=""rgb(0%,100%,100%)"" height=""50"" width=""50"" x=""0"" y=""0"" /></svg>",明るい青,🟦
132,0.0004,201,30,0,"(20, 0, 255)",#1400FF,,blanket,ブランケット,"<svg baseProfile=""full"" height=""50"" version=""1.1"" width=""50"" xmlns=""http://www.w3.org/2000/svg"" xmlns:ev=""http://www.w3.org/2001/xml-events"" xmlns:xlink=""http://www.w3.org/1999/xlink""><defs /><rect fill=""rgb(20%,0%,100%)"" height=""50"" width=""50"" x=""0"" y=""0"" /></svg>",明るい青,🟦
133,0.0004,285,21,0,"(255, 255, 0)",#FFFF00,,sculpture,彫刻,"<svg baseProfile=""full"" height=""50"" version=""1.1"" width=""50"" xmlns=""http://www.w3.org/2000/svg"" xmlns:ev=""http://www.w3.org/2001/xml-events"" xmlns:xlink=""http://www.w3.org/1999/xlink""><defs /><rect fill=""rgb(100%,100%,0%)"" height=""50"" width=""50"" x=""0"" y=""0"" /></svg>",明るいグレー,⬜
134,0.0004,268,27,0,"(0, 153, 255)",#0099FF,,hood,フード,"<svg baseProfile=""full"" height=""50"" version=""1.1"" width=""50"" xmlns=""http://www.w3.org/2000/svg"" xmlns:ev=""http://www.w3.org/2001/xml-events"" xmlns:xlink=""http://www.w3.org/1999/xlink""><defs /><rect fill=""rgb(0%,100%,100%)"" height=""50"" width=""50"" x=""0"" y=""0"" /></svg>",明るい青,🟦
135,0.0003,1020,108,0,"(0, 41, 255)",#0029FF,,sconce,sconce,"<svg baseProfile=""full"" height=""50"" version=""1.1"" width=""50"" xmlns=""http://www.w3.org/2000/svg"" xmlns:ev=""http://www.w3.org/2001/xml-events"" xmlns:xlink=""http://www.w3.org/1999/xlink""><defs /><rect fill=""rgb(0%,41%,100%)"" height=""50"" width=""50"" x=""0"" y=""0"" /></svg>",明るい青,🟦
136,0.0003,1282,122,0,"(0, 255, 204)",#00FFCC,,vase,花瓶,"<svg baseProfile=""full"" height=""50"" version=""1.1"" width=""50"" xmlns=""http://www.w3.org/2000/svg"" xmlns:ev=""http://www.w3.org/2001/xml-events"" xmlns:xlink=""http://www.w3.org/1999/xlink""><defs /><rect fill=""rgb(0%,100%,100%)"" height=""50"" width=""50"" x=""0"" y=""0"" /></svg>",明るい緑,🟩
137,0.0003,528,65,0,"(41, 0, 255)",#2900FF,,traffic light,信号機,"<svg baseProfile=""full"" height=""50"" version=""1.1"" width=""50"" xmlns=""http://www.w3.org/2000/svg"" xmlns:ev=""http://www.w3.org/2001/xml-events"" xmlns:xlink=""http://www.w3.org/1999/xlink""><defs /><rect fill=""rgb(41%,0%,100%)"" height=""50"" width=""50"" x=""0"" y=""0"" /></svg>",明るい青,🟦
138,0.0003,453,57,0,"(41, 255, 0)",#29FF00,,tray,トレイ,"<svg baseProfile=""full"" height=""50"" version=""1.1"" width=""50"" xmlns=""http://www.w3.org/2000/svg"" xmlns:ev=""http://www.w3.org/2001/xml-events"" xmlns:xlink=""http://www.w3.org/1999/xlink""><defs /><rect fill=""rgb(41%,100%,0%)"" height=""50"" width=""50"" x=""0"" y=""0"" /></svg>",明るい緑,🟩
139,0.0003,671,100,0,"(173, 0, 255)",#AD00FF,,ashcan,アシュカン,"<svg baseProfile=""full"" height=""50"" version=""1.1"" width=""50"" xmlns=""http://www.w3.org/2000/svg"" xmlns:ev=""http://www.w3.org/2001/xml-events"" xmlns:xlink=""http://www.w3.org/1999/xlink""><defs /><rect fill=""rgb(100%,0%,100%)"" height=""50"" width=""50"" x=""0"" y=""0"" /></svg>",明るい青,🟦
140,0.0003,397,44,0,"(0, 245, 255)",#00F5FF,,fan,ファン,"<svg baseProfile=""full"" height=""50"" version=""1.1"" width=""50"" xmlns=""http://www.w3.org/2000/svg"" xmlns:ev=""http://www.w3.org/2001/xml-events"" xmlns:xlink=""http://www.w3.org/1999/xlink""><defs /><rect fill=""rgb(0%,100%,100%)"" height=""50"" width=""50"" x=""0"" y=""0"" /></svg>",明るい青,🟦
141,0.0003,92,8,1,"(71, 0, 255)",#4700FF,,pier,桟橋,"<svg baseProfile=""full"" height=""50"" version=""1.1"" width=""50"" xmlns=""http://www.w3.org/2000/svg"" xmlns:ev=""http://www.w3.org/2001/xml-events"" xmlns:xlink=""http://www.w3.org/1999/xlink""><defs /><rect fill=""rgb(71%,0%,100%)"" height=""50"" width=""50"" x=""0"" y=""0"" /></svg>",明るい青,🟦
142,0.0003,228,18,0,"(122, 0, 255)",#7A00FF,,crt screen,CRT画面,"<svg baseProfile=""full"" height=""50"" version=""1.1"" width=""50"" xmlns=""http://www.w3.org/2000/svg"" xmlns:ev=""http://www.w3.org/2001/xml-events"" xmlns:xlink=""http://www.w3.org/1999/xlink""><defs /><rect fill=""rgb(100%,0%,100%)"" height=""50"" width=""50"" x=""0"" y=""0"" /></svg>",明るい青,🟦
143,0.0003,570,59,0,"(0, 255, 184)",#00FFB8,,plate,皿,"<svg baseProfile=""full"" height=""50"" version=""1.1"" width=""50"" xmlns=""http://www.w3.org/2000/svg"" xmlns:ev=""http://www.w3.org/2001/xml-events"" xmlns:xlink=""http://www.w3.org/1999/xlink""><defs /><rect fill=""rgb(0%,100%,100%)"" height=""50"" width=""50"" x=""0"" y=""0"" /></svg>",明るい緑,🟩
144,0.0003,217,22,0,"(0, 92, 255)",#005CFF,,monitor,モニター,"<svg baseProfile=""full"" height=""50"" version=""1.1"" width=""50"" xmlns=""http://www.w3.org/2000/svg"" xmlns:ev=""http://www.w3.org/2001/xml-events"" xmlns:xlink=""http://www.w3.org/1999/xlink""><defs /><rect fill=""rgb(0%,92%,100%)"" height=""50"" width=""50"" x=""0"" y=""0"" /></svg>",明るい青,🟦
145,0.0003,206,19,0,"(184, 255, 0)",#B8FF00,,bulletin board,掲示板,"<svg baseProfile=""full"" height=""50"" version=""1.1"" width=""50"" xmlns=""http://www.w3.org/2000/svg"" xmlns:ev=""http://www.w3.org/2001/xml-events"" xmlns:xlink=""http://www.w3.org/1999/xlink""><defs /><rect fill=""rgb(100%,100%,0%)"" height=""50"" width=""50"" x=""0"" y=""0"" /></svg>",明るい緑,🟩
146,0.0003,130,14,0,"(0, 133, 255)",#0085FF,,shower,シャワー,"<svg baseProfile=""full"" height=""50"" version=""1.1"" width=""50"" xmlns=""http://www.w3.org/2000/svg"" xmlns:ev=""http://www.w3.org/2001/xml-events"" xmlns:xlink=""http://www.w3.org/1999/xlink""><defs /><rect fill=""rgb(0%,100%,100%)"" height=""50"" width=""50"" x=""0"" y=""0"" /></svg>",明るい青,🟦
147,0.0003,178,28,0,"(255, 214, 0)",#FFD600,,radiator,ラジエーター,"<svg baseProfile=""full"" height=""50"" version=""1.1"" width=""50"" xmlns=""http://www.w3.org/2000/svg"" xmlns:ev=""http://www.w3.org/2001/xml-events"" xmlns:xlink=""http://www.w3.org/1999/xlink""><defs /><rect fill=""rgb(100%,100%,0%)"" height=""50"" width=""50"" x=""0"" y=""0"" /></svg>",明るい赤,🟥
148,0.0002,504,57,0,"(25, 194, 194)",#19C2C2,,glass,ガラス,"<svg baseProfile=""full"" height=""50"" version=""1.1"" width=""50"" xmlns=""http://www.w3.org/2000/svg"" xmlns:ev=""http://www.w3.org/2001/xml-events"" xmlns:xlink=""http://www.w3.org/1999/xlink""><defs /><rect fill=""rgb(25%,100%,100%)"" height=""50"" width=""50"" x=""0"" y=""0"" /></svg>",明るいグレー,⬜
149,0.0002,775,96,0,"(102, 255, 0)",#66FF00,,clock,クロック,"<svg baseProfile=""full"" height=""50"" version=""1.1"" width=""50"" xmlns=""http://www.w3.org/2000/svg"" xmlns:ev=""http://www.w3.org/2001/xml-events"" xmlns:xlink=""http://www.w3.org/1999/xlink""><defs /><rect fill=""rgb(100%,100%,0%)"" height=""50"" width=""50"" x=""0"" y=""0"" /></svg>",明るい緑,🟩
150,0.0002,421,56,0,"(92, 0, 255)",#5C00FF,,flag,フラグ,"<svg baseProfile=""full"" height=""50"" version=""1.1"" width=""50"" xmlns=""http://www.w3.org/2000/svg"" xmlns:ev=""http://www.w3.org/2001/xml-events"" xmlns:xlink=""http://www.w3.org/1999/xlink""><defs /><rect fill=""rgb(92%,0%,100%)"" height=""50"" width=""50"" x=""0"" y=""0"" /></svg>",明るい青,🟦
